{
  "version": "V2171_PMXT",
  "timestamp": "2026-06-06 14:26:04",
  "directive": "V21.7.1_DOWN_MOMENTUM_ONLY",
  "config": {
    "bankroll": 100.0,
    "position_usd": 1.0,
    "primary_bucket": "0.03-0.12",
    "bucket_weights": {
      "0.05-0.08": 1.0,
      "0.03-0.05": 0.85,
      "0.08-0.1": 0.65,
      "0.1-0.12": 0.4
    },
    "kill_switches": {
      "max_daily_loss": 15.0,
      "max_weekly_loss": 50.0,
      "max_consecutive_losses": 60
    },
    "fill_model": {
      "spread": 0.01,
      "slippage": 0.005,
      "reject_rate": 0.05,
      "partial_rate": 0.1,
      "stale_rate": 0.03
    },
    "binary_settlement": true,
    "side": "DOWN_ONLY"
  },
  "summary": {
    "trades": 360,
    "wins": 50,
    "wr": 13.88888888888889,
    "bankroll": 367.630239864412,
    "pnl": 267.6302398644119,
    "roi": 267.630239864412,
    "realized_ev": 0.7434173329566998,
    "pf": 2.095099521990005,
    "sharpe": 2.767163322915818,
    "payout_ratio": 12.989617036338029,
    "max_dd": 10.39696127634658,
    "max_consecutive_losses": 29,
    "rolling_ev_positive_pct": 82.77777777777777
  },
  "state_stats": {
    "DOWN_MOMENTUM": {
      "trades": 47,
      "wins": 4,
      "pnl": 8.941973494727131
    },
    "DOWN_CONTINUATION": {
      "trades": 313,
      "wins": 46,
      "pnl": 258.68826636968475
    }
  },
  "bucket_stats": {
    "0.080": {
      "trades": 19,
      "wins": 2,
      "pnl": 2.5457710737003008
    },
    "0.110": {
      "trades": 11,
      "wins": 3,
      "pnl": 5.822824493017546
    },
    "0.070": {
      "trades": 18,
      "wins": 7,
      "pnl": 69.11885500933415
    },
    "0.100": {
      "trades": 15,
      "wins": 3,
      "pnl": 5.009097888425098
    },
    "0.090": {
      "trades": 15,
      "wins": 3,
      "pnl": 9.662643106022895
    },
    "0.050": {
      "trades": 17,
      "wins": 5,
      "pnl": 66.19643168391323
    },
    "0.101": {
      "trades": 3,
      "wins": 1,
      "pnl": 2.387283081476167
    },
    "0.115": {
      "trades": 1,
      "wins": 0,
      "pnl": -0.4
    },
    "0.073": {
      "trades": 5,
      "wins": 1,
      "pnl": 7.4120496512087595
    },
    "0.065": {
      "trades": 5,
      "wins": 1,
      "pnl": 8.275804845668768
    },
    "0.061": {
      "trades": 9,
      "wins": 1,
      "pnl": 5.024261973213662
    },
    "0.093": {
      "trades": 1,
      "wins": 0,
      "pnl": -0.65
    },
    "0.091": {
      "trades": 2,
      "wins": 0,
      "pnl": -1.3
    },
    "0.092": {
      "trades": 2,
      "wins": 0,
      "pnl": -1.0676800637292527
    },
    "0.087": {
      "trades": 2,
      "wins": 0,
      "pnl": -1.3
    },
    "0.067": {
      "trades": 2,
      "wins": 1,
      "pnl": 11.416620890049245
    },
    "0.060": {
      "trades": 23,
      "wins": 7,
      "pnl": 77.51042294185905
    },
    "0.030": {
      "trades": 19,
      "wins": 4,
      "pnl": 63.98964424860555
    },
    "0.039": {
      "trades": 4,
      "wins": 0,
      "pnl": -3.4000000000000004
    },
    "0.046": {
      "trades": 2,
      "wins": 0,
      "pnl": -1.7
    },
    "0.077": {
      "trades": 5,
      "wins": 1,
      "pnl": 6.813242476252775
    },
    "0.048": {
      "trades": 3,
      "wins": 0,
      "pnl": -2.55
    },
    "0.052": {
      "trades": 5,
      "wins": 0,
      "pnl": -5.0
    },
    "0.078": {
      "trades": 1,
      "wins": 0,
      "pnl": -1.0
    },
    "0.082": {
      "trades": 3,
      "wins": 0,
      "pnl": -1.9500000000000002
    },
    "0.036": {
      "trades": 6,
      "wins": 0,
      "pnl": -4.473387863097465
    },
    "0.040": {
      "trades": 24,
      "wins": 2,
      "pnl": 7.267103697119412
    },
    "0.054": {
      "trades": 4,
      "wins": 0,
      "pnl": -3.675253278337691
    },
    "0.057": {
      "trades": 4,
      "wins": 0,
      "pnl": -4.0
    },
    "0.068": {
      "trades": 5,
      "wins": 0,
      "pnl": -4.613691935693074
    },
    "0.056": {
      "trades": 6,
      "wins": 0,
      "pnl": -5.567409201109467
    },
    "0.034": {
      "trades": 7,
      "wins": 0,
      "pnl": -5.666072028425628
    },
    "0.033": {
      "trades": 5,
      "wins": 0,
      "pnl": -3.9306824578044184
    },
    "0.045": {
      "trades": 2,
      "wins": 0,
      "pnl": -1.7
    },
    "0.031": {
      "trades": 5,
      "wins": 0,
      "pnl": -4.249999999999999
    },
    "0.042": {
      "trades": 3,
      "wins": 1,
      "pnl": 13.730406052480367
    },
    "0.041": {
      "trades": 6,
      "wins": 0,
      "pnl": -5.1
    },
    "0.084": {
      "trades": 2,
      "wins": 0,
      "pnl": -1.3
    },
    "0.069": {
      "trades": 2,
      "wins": 0,
      "pnl": -1.614485785951961
    },
    "0.062": {
      "trades": 1,
      "wins": 0,
      "pnl": -1.0
    },
    "0.063": {
      "trades": 3,
      "wins": 0,
      "pnl": -3.0
    },
    "0.075": {
      "trades": 1,
      "wins": 0,
      "pnl": -0.9999999999999999
    },
    "0.037": {
      "trades": 1,
      "wins": 0,
      "pnl": -0.8499999999999999
    },
    "0.079": {
      "trades": 4,
      "wins": 0,
      "pnl": -4.0
    },
    "0.081": {
      "trades": 2,
      "wins": 0,
      "pnl": -0.8173764995304021
    },
    "0.051": {
      "trades": 2,
      "wins": 0,
      "pnl": -2.0
    },
    "0.032": {
      "trades": 4,
      "wins": 0,
      "pnl": -3.4
    },
    "0.086": {
      "trades": 2,
      "wins": 1,
      "pnl": 5.59203485313914
    },
    "0.094": {
      "trades": 2,
      "wins": 1,
      "pnl": 4.921881879965541
    },
    "0.076": {
      "trades": 2,
      "wins": 0,
      "pnl": -2.0
    },
    "0.035": {
      "trades": 6,
      "wins": 0,
      "pnl": -4.505367830674115
    },
    "0.038": {
      "trades": 2,
      "wins": 0,
      "pnl": -1.7000000000000002
    },
    "0.109": {
      "trades": 1,
      "wins": 0,
      "pnl": -0.4
    },
    "0.053": {
      "trades": 2,
      "wins": 0,
      "pnl": -2.0
    },
    "0.103": {
      "trades": 1,
      "wins": 0,
      "pnl": -0.2757323548724119
    },
    "0.085": {
      "trades": 1,
      "wins": 0,
      "pnl": -0.5074252769132309
    },
    "0.105": {
      "trades": 3,
      "wins": 1,
      "pnl": 2.410727872393858
    },
    "0.099": {
      "trades": 2,
      "wins": 0,
      "pnl": -1.1045263485576982
    },
    "0.049": {
      "trades": 3,
      "wins": 0,
      "pnl": -2.55
    },
    "0.064": {
      "trades": 3,
      "wins": 0,
      "pnl": -3.0
    },
    "0.074": {
      "trades": 3,
      "wins": 0,
      "pnl": -2.6207863846306805
    },
    "0.083": {
      "trades": 4,
      "wins": 2,
      "pnl": 11.471322060644344
    },
    "0.089": {
      "trades": 4,
      "wins": 0,
      "pnl": -2.6
    },
    "0.095": {
      "trades": 1,
      "wins": 0,
      "pnl": -0.65
    },
    "0.058": {
      "trades": 3,
      "wins": 0,
      "pnl": -3.0
    },
    "0.071": {
      "trades": 3,
      "wins": 0,
      "pnl": -3.0
    },
    "0.044": {
      "trades": 1,
      "wins": 0,
      "pnl": -0.85
    },
    "0.116": {
      "trades": 2,
      "wins": 0,
      "pnl": -0.8
    },
    "0.055": {
      "trades": 2,
      "wins": 0,
      "pnl": -2.0
    },
    "0.106": {
      "trades": 2,
      "wins": 1,
      "pnl": 2.6325924654595387
    },
    "0.043": {
      "trades": 1,
      "wins": 0,
      "pnl": -0.85
    },
    "0.118": {
      "trades": 1,
      "wins": 0,
      "pnl": -0.21529346231385668
    },
    "0.097": {
      "trades": 1,
      "wins": 0,
      "pnl": -0.65
    },
    "0.059": {
      "trades": 2,
      "wins": 0,
      "pnl": -2.0
    },
    "0.047": {
      "trades": 1,
      "wins": 0,
      "pnl": -0.85
    },
    "0.088": {
      "trades": 2,
      "wins": 0,
      "pnl": -1.3
    },
    "0.066": {
      "trades": 1,
      "wins": 0,
      "pnl": -1.0
    },
    "0.108": {
      "trades": 3,
      "wins": 1,
      "pnl": 2.174388392103932
    },
    "0.098": {
      "trades": 1,
      "wins": 0,
      "pnl": -0.65
    },