{
  "beta": [
    0.06356234824240209,
    0.05781985628254333,
    -0.003772841875615775,
    0.06673077713598069,
    0.008389286581615907,
    0.009464043657032578,
    0.06391985187776164,
    0.00873864210920118,
    0.018541521345810854,
    0.0,
    0.0,
    0.0,
    0.0
  ],
  "precision": [
    15.380376995431481,
    11.201310443891293,
    5.325527931102316,
    10.045040631604293,
    3.7987523934571787,
    2.6192212022851242,
    9.02975175642508,
    1.0386748885998989,
    1.649635877270158,
    1.0,
    1.0,
    1.0,
    1.0
  ],
  "updates": 58,
  "learning_rate": 0.017807435924894203,
  "brier_sum": 13.797557291394702,
  "brier_count": 58,
  "label": "IS",
  "timestamp": "2026-05-15T21:45:53.866549"
}