{
  "beta": [
    0.0636538256827437,
    0.05788902893379347,
    -0.00373811700911885,
    0.0668112978442814,
    0.008408758258831918,
    0.009474049543892284,
    0.06361720545434439,
    -0.011291791193828964,
    0.01861517449667997,
    0.0,
    0.0,
    0.0,
    0.0
  ],
  "precision": [
    15.383294257624865,
    11.203445947053394,
    5.326536655942681,
    10.047001697903008,
    3.799341471803819,
    2.6195643726273596,
    8.123528746164206,
    1.0645208054823938,
    1.6497800028533778,
    1.0,
    1.0,
    1.0,
    1.0
  ],
  "updates": 58,
  "learning_rate": 0.017807435924894203,
  "brier_sum": 13.804911773913444,
  "brier_count": 58,
  "label": "IS",
  "timestamp": "2026-05-16T06:15:04.641611"
}