{
  "beta": [
    0.07491266381068885,
    0.0571531869567894,
    0.030493133879241494,
    0.05896847089384432,
    0.0065963811894276855,
    0.0075088034593284924,
    0.07779910555248068,
    -0.017468455856135268,
    0.0286630754903103,
    0.0,
    0.0,
    0.0,
    0.0
  ],
  "precision": [
    14.666620921085714,
    8.050502365271734,
    3.751157926192816,
    9.780881761406853,
    3.164739737593834,
    2.461558610351543,
    7.7685861980243995,
    1.0617499099260614,
    1.2738057796411706,
    1.0,
    1.0,
    1.0,
    1.0
  ],
  "updates": 55,
  "brier": 0.2311,
  "timestamp": "2026-05-16T06:14:32.337990"
}