{
  "beta": [
    0.08442159824792093,
    0.04920113967317902,
    0.03409028231675803,
    0.0691952241466522,
    0.011479076053914202,
    -0.01013782252265201,
    0.09001431583198856,
    0.0,
    0.04060452713867594,
    0.0,
    0.0,
    0.0,
    0.0
  ],
  "precision": [
    18.34930580481408,
    10.493363956716355,
    6.651576149344821,
    10.851490892292398,
    3.36449814603332,
    2.517267031324268,
    9.592487674447057,
    1.0,
    1.6898718544758795,
    1.0,
    1.0,
    1.0,
    1.0
  ],
  "updates": 70,
  "brier": 0.2265,
  "timestamp": "2026-05-16T06:15:14.665533"
}