{
  "beta": [
    0.06569541843099574,
    0.0685131280703668,
    0.04091589809944692,
    0.07767983561460166,
    0.03159384616805192,
    -0.0009163480149627459,
    0.06695992908172248,
    -0.024871468871705327,
    0.04344763338292446,
    0.0,
    0.0,
    0.0,
    0.0
  ],
  "precision": [
    16.32731153568372,
    10.583443159241883,
    8.064276825428523,
    10.717840897761846,
    4.350709106434037,
    2.550534483385659,
    9.558503491530882,
    1.2290921221887372,
    1.8723500177680361,
    1.0,
    1.0,
    1.0,
    1.0
  ],
  "updates": 62,
  "brier": 0.2307,
  "timestamp": "2026-05-15T22:26:18.784456"
}