{
  "beta": [
    0.030734206655975663,
    0.023631409439769543,
    0.0008581763048692002,
    0.03446576413830512,
    -0.0004147751917491925,
    -0.006721411527432398,
    0.03352385396901779,
    -0.007368378572725724,
    0.017500745733766435,
    0.0,
    0.0,
    0.0,
    0.0
  ],
  "precision": [
    8.493904863743857,
    4.5404604968902165,
    2.6669551141320023,
    5.270784741361255,
    2.174108324220595,
    1.5723402670813056,
    4.71146176680629,
    1.033725500123165,
    1.5165059261759446,
    1.0,
    1.0,
    1.0,
    1.0
  ],
  "updates": 30,
  "brier": 0.2457,
  "timestamp": "2026-05-16T06:15:01.766933"
}