{
  "beta": [
    0.07067578264899829,
    0.062045224557191456,
    0.03257602569647618,
    0.06787459841455366,
    0.02595427066125545,
    -0.003598863182852071,
    0.07273608632716512,
    -0.026622530284246205,
    0.028918772147978618,
    0.0,
    0.0,
    0.0,
    0.0
  ],
  "precision": [
    16.871854013291724,
    8.421433778159887,
    5.544482568614222,
    9.933035078765766,
    3.5749971184666487,
    2.6533508338702485,
    9.862566515567746,
    1.237771591063735,
    1.4445934426456706,
    1.0,
    1.0,
    1.0,
    1.0
  ],
  "updates": 64,
  "brier": 0.2341,
  "timestamp": "2026-05-15T22:26:34.873813"
}