{
  "beta": [
    0.08737430870303363,
    0.07307285211886767,
    0.04022660532512274,
    0.08655231323292273,
    0.00015670493101348475,
    0.004687509820732352,
    0.09337266299060709,
    -0.0454324365016828,
    0.05219857533555293,
    0.0,
    0.0,
    0.0,
    0.0
  ],
  "precision": [
    19.77416574824774,
    11.88817101574123,
    7.286362813119332,
    11.232687507036093,
    4.119323234808004,
    2.7694747805403086,
    11.4831667793063,
    1.2817612631912736,
    1.749235240646828,
    1.0,
    1.0,
    1.0,
    1.0
  ],
  "updates": 76,
  "brier": 0.2191,
  "timestamp": "2026-05-15T22:27:12.777188"
}