{
  "beta": [
    0.07475319765868432,
    0.05705239692944932,
    0.030484132005890105,
    0.05887130616079791,
    0.0065452860609740635,
    0.0075310422861636864,
    0.07753965759700478,
    -0.030495236606090593,
    0.028550369510405668,
    0.0,
    0.0,
    0.0,
    0.0
  ],
  "precision": [
    14.661857163159219,
    8.047915605541526,
    3.7502335670840026,
    9.777770273323872,
    3.1639666079714615,
    2.461044976635602,
    8.628542811273823,
    1.2041991410731732,
    1.2737107881336522,
    1.0,
    1.0,
    1.0,
    1.0
  ],
  "updates": 55,
  "brier": 0.2307,
  "timestamp": "2026-05-15T22:26:26.420477"
}