{
  "beta": [
    0.06944370687334667,
    0.05948635987143552,
    0.017595776946853457,
    0.07058264938371361,
    0.00824102277134215,
    -0.0033220178480356287,
    0.0713576912859879,
    -0.02736561096986475,
    0.031804792538523814,
    0.0,
    0.0,
    0.0,
    0.0
  ],
  "precision": [
    14.632662386788134,
    9.955669784815749,
    5.381032439644652,
    9.34700410174366,
    4.011094772060163,
    2.4924320319715063,
    8.612240957232128,
    1.203762776661835,
    1.6471162757678548,
    1.0,
    1.0,
    1.0,
    1.0
  ],
  "updates": 55,
  "brier": 0.2317,
  "timestamp": "2026-05-15T22:26:12.149567"
}