{
  "beta": [
    0.06584911494892373,
    0.0686352234364605,
    0.04101146962545425,
    0.07781165353054843,
    0.03166746314863446,
    -0.0009214878896333846,
    0.0669529479766603,
    -0.014286778704756972,
    0.04357328070760804,
    0.0,
    0.0,
    0.0,
    0.0
  ],
  "precision": [
    16.33346011570275,
    10.587680619130658,
    8.06723217211652,
    10.722253609810476,
    4.352029804795342,
    2.5511504557070226,
    8.594111749084659,
    1.069377146439834,
    1.8726658513637886,
    1.0,
    1.0,
    1.0,
    1.0
  ],
  "updates": 62,
  "brier": 0.2309,
  "timestamp": "2026-05-16T06:14:26.228783"
}