{
  "beta": [
    0.0606446553042385,
    0.05768806909430824,
    -0.01285349846134113,
    0.062044573563619546,
    0.002384744453478071,
    -0.020203568938755245,
    0.06077026190550701,
    0.0,
    0.024977856651401002,
    0.0,
    0.0,
    0.0,
    0.0
  ],
  "precision": [
    12.439252809024978,
    7.074136951269993,
    4.773515099696322,
    6.55046986995257,
    3.0635215152935054,
    2.129649592518479,
    6.6654508181622445,
    1.0,
    1.6421977951071018,
    1.0,
    1.0,
    1.0,
    1.0
  ],
  "updates": 46,
  "brier": 0.2384,
  "timestamp": "2026-05-16T06:15:20.172640"
}