{
  "beta": [
    0.046757662133236566,
    0.06762126535754626,
    0.04026011444653626,
    0.0852374819025672,
    0.023139660079276505,
    0.0004523541755535936,
    0.054139346366268215,
    -0.025820639544160928,
    0.03321732748721259,
    0.0,
    0.0,
    0.0,
    0.0
  ],
  "precision": [
    19.09986419884738,
    11.479220581841687,
    8.546696431662571,
    11.415211278764938,
    4.7389323193211945,
    3.0357304788263275,
    11.106648552254407,
    1.2713370571737277,
    1.6411164207492135,
    1.0,
    1.0,
    1.0,
    1.0
  ],
  "updates": 73,
  "brier": 0.2354,
  "timestamp": "2026-05-15T22:26:57.896899"
}