{
  "beta": [
    0.07390826388863721,
    0.07468449789000722,
    0.004131420600195038,
    0.08489046701239499,
    0.015582324673496318,
    0.015626212984283197,
    0.07663733459595477,
    -0.03080291864188932,
    0.02819971029387062,
    0.0,
    0.0,
    0.0,
    0.0
  ],
  "precision": [
    13.384515880287505,
    8.494579692313618,
    4.949040413158568,
    7.828916504811884,
    3.159307819564841,
    2.1301459814419106,
    7.915297712556881,
    1.1856583280753306,
    1.339926285981739,
    1.0,
    1.0,
    1.0,
    1.0
  ],
  "updates": 50,
  "brier": 0.2228,
  "timestamp": "2026-05-15T22:26:40.845782"
}