{
  "beta": [
    0.07084461233486215,
    0.06214548615190401,
    0.032621447069138866,
    0.0679965469417219,
    0.026008098450930304,
    -0.003591594000758801,
    0.0728747015236999,
    -0.01502400069055306,
    0.029057939547495838,
    0.0,
    0.0,
    0.0,
    0.0
  ],
  "precision": [
    16.877950846466724,
    8.424201665533092,
    5.546005089093577,
    9.936818508366619,
    3.575903410158297,
    2.6540800034975467,
    8.86377844039642,
    1.0712238201325364,
    1.4448090636465367,
    1.0,
    1.0,
    1.0,
    1.0
  ],
  "updates": 64,
  "brier": 0.2344,
  "timestamp": "2026-05-16T06:14:38.993324"
}