{
  "beta": [
    0.060494944183299676,
    0.05757769991620458,
    -0.01287189989943286,
    0.061946208026659344,
    0.002372183028116942,
    -0.02019556835965781,
    0.06093790819973306,
    -0.020052207122771504,
    0.02485840261349897,
    0.0,
    0.0,
    0.0,
    0.0
  ],
  "precision": [
    12.435737062383003,
    7.071893294319853,
    4.7721015447633715,
    6.54850693789419,
    3.063062625020877,
    2.129318512497264,
    7.385516164969644,
    1.1725834378157702,
    1.6419788444614793,
    1.0,
    1.0,
    1.0,
    1.0
  ],
  "updates": 46,
  "brier": 0.2381,
  "timestamp": "2026-05-15T22:27:28.569411"
}