{
  "beta": [
    0.07350032437286382,
    0.07345959799711765,
    0.06029378067205,
    0.07475067696429422,
    0.001865907668060629,
    0.001367030561143983,
    0.07717261546743792,
    -0.0353548524988738,
    0.034705101581926856,
    0.0,
    0.0,
    0.0,
    0.0
  ],
  "precision": [
    13.133431421975697,
    8.621191621040305,
    5.64995406386359,
    8.445302481904395,
    2.8548005731530024,
    2.206430163323986,
    7.775096529320809,
    1.181893606454117,
    1.3561708476925456,
    1.0,
    1.0,
    1.0,
    1.0
  ],
  "updates": 49,
  "brier": 0.2161,
  "timestamp": "2026-05-15T22:26:47.879911"
}