{
  "beta": [
    0.07405359449637086,
    0.0748074615134963,
    0.004198391521662922,
    0.08503136246272165,
    0.01561445644146047,
    0.015617129867950271,
    0.07687906715919161,
    -0.017622677499635718,
    0.02831807076789873,
    0.0,
    0.0,
    0.0,
    0.0
  ],
  "precision": [
    13.389507568863825,
    8.497740230870122,
    4.9508029715297965,
    7.831865499309374,
    3.1602616606059,
    2.130639954591199,
    7.136077850929998,
    1.0554276649707706,
    1.340085091278891,
    1.0,
    1.0,
    1.0,
    1.0
  ],
  "updates": 50,
  "brier": 0.2233,
  "timestamp": "2026-05-16T06:14:45.123550"
}