{
  "beta": [
    0.08420067413691175,
    0.04903073453313094,
    0.03402048772023042,
    0.06899520028667112,
    0.01144520171791164,
    -0.01010218592984392,
    0.08921697973657974,
    -0.04108471060031874,
    0.04038415320782611,
    0.0,
    0.0,
    0.0,
    0.0
  ],
  "precision": [
    18.339067061405693,
    10.487866342688907,
    6.648453368369621,
    10.845776151061665,
    3.363000135421801,
    2.51628858944871,
    10.681832697107058,
    1.2608661720301408,
    1.6893635520022963,
    1.0,
    1.0,
    1.0,
    1.0
  ],
  "updates": 70,
  "brier": 0.2258,
  "timestamp": "2026-05-15T22:27:21.708597"
}