{
  "beta": [
    0.06959278834393379,
    0.0595950209421584,
    0.017638603170475758,
    0.07071051433919714,
    0.008263568273161213,
    -0.003324918318283759,
    0.07145786352639709,
    -0.015719072233261647,
    0.03193245187878501,
    0.0,
    0.0,
    0.0,
    0.0
  ],
  "precision": [
    14.637770188320511,
    9.959150671037513,
    5.3830060859996145,
    9.350257473922428,
    4.012185735256741,
    2.492972782340501,
    7.754297466909003,
    1.0618843200594241,
    1.6473741785775078,
    1.0,
    1.0,
    1.0,
    1.0
  ],
  "updates": 55,
  "brier": 0.2321,
  "timestamp": "2026-05-16T06:14:18.853330"
}