{
  "beta": [
    0.030695055761375076,
    0.02361424511180797,
    0.0008663729577936458,
    0.03445561050680842,
    -0.00042043044939799534,
    -0.0067291578713168055,
    0.03325095319128018,
    -0.013020194443246794,
    0.017482956242010874,
    0.0,
    0.0,
    0.0,
    0.0
  ],
  "precision": [
    8.493573618877607,
    4.54023974146187,
    2.6668885391339434,
    5.270590830533213,
    2.17407855890216,
    1.5723109351802358,
    5.184280839591276,
    1.1123369872349875,
    1.5164965177686407,
    1.0,
    1.0,
    1.0,
    1.0
  ],
  "updates": 30,
  "brier": 0.2456,
  "timestamp": "2026-05-15T22:27:03.496573"
}