{
  "beta": [
    0.04684661133555047,
    0.0676971195325182,
    0.040323662797067374,
    0.0853258143860923,
    0.02314900223964806,
    0.00046562942364143954,
    0.0553107540595655,
    -0.014759142849807519,
    0.03332260927851722,
    0.0,
    0.0,
    0.0,
    0.0
  ],
  "precision": [
    19.10446473215692,
    11.482174312620913,
    8.548922096369918,
    11.418249168603104,
    4.739707524405785,
    3.0363034127361277,
    9.966490752636005,
    1.0812336003527967,
    1.641298838682649,
    1.0,
    1.0,
    1.0,
    1.0
  ],
  "updates": 73,
  "brier": 0.2355,
  "timestamp": "2026-05-16T06:14:57.567602"
}