{
  "beta": [
    0.08758968515202552,
    0.0732264433673229,
    0.040251276752133615,
    0.08672556285093362,
    0.00014713672550136327,
    0.0047072672222398665,
    0.09437827371025442,
    -0.021158637111545812,
    0.05242668235267271,
    0.0,
    0.0,
    0.0,
    0.0
  ],
  "precision": [
    19.786737168229024,
    11.895816536202844,
    7.290729306856659,
    11.240139430740111,
    4.120928637643003,
    2.770769207777766,
    10.304395771056852,
    1.0401182730398846,
    1.7497756083978682,
    1.0,
    1.0,
    1.0,
    1.0
  ],
  "updates": 76,
  "brier": 0.2198,
  "timestamp": "2026-05-16T06:15:07.722999"
}