{
  "beta": [
    0.07363337639812796,
    0.07356919548335789,
    0.060341338086844616,
    0.07487731278863505,
    0.0018913314340878562,
    0.0013758739541114397,
    0.0776627995662034,
    -0.020417183431095505,
    0.03481386162705098,
    0.0,
    0.0,
    0.0,
    0.0
  ],
  "precision": [
    13.138119980707339,
    8.624277841982119,
    5.651603011179765,
    8.448501015876442,
    2.8554896112449004,
    2.206896363133265,
    7.011574612757533,
    1.0541318929341297,
    1.356336543535838,
    1.0,
    1.0,
    1.0,
    1.0
  ],
  "updates": 49,
  "brier": 0.2167,
  "timestamp": "2026-05-16T06:14:49.718925"
}